<?xml version="1.0" encoding="UTF-8" standalone="no"?>

<!DOCTYPE properties SYSTEM "http://java.sun.com/dtd/properties.dtd">

<properties>
	<comment>
	</comment>
	<entry key="nbProd">1</entry>
	<entry key="nbCons">2</entry>
	<entry key="nbBuffer">1</entry>
	<entry key="tempsMoyenProduction">10</entry>
	<entry key="deviationTempsMoyenProduction">1</entry>
	<entry key="tempsMoyenConsommation">10</entry>
	<entry key="deviationTempsMoyenConsommation">1</entry>
	<entry key="nombreMoyenDeProduction">5</entry>
	<entry key="deviationNombreMoyenDeProduction">1</entry>
	<entry key="nombreMoyenNbExemplaire">5</entry>
	<entry key="deviationNombreMoyenNbExemplaire">3</entry>
	
	<entry key="display">true</entry>
</properties>
